[{"model": "home.location", "pk": 1, "fields": {"name": "Queen Mary Hospital Drone Port", "latitude": "22.270257", "longitude": "114.131376", "altitude_meters": 161}}, {"model": "home.location", "pk": 2, "fields": {"name": "Ap Lei Chau General Out-patient Clinic", "latitude": "22.243243", "longitude": "114.153765", "altitude_meters": 56}}, {"model": "home.location", "pk": 3, "fields": {"name": "Aberdeen General Out-patient Clinic", "latitude": "22.249740", "longitude": "114.156384", "altitude_meters": 44}}, {"model": "home.location", "pk": 4, "fields": {"name": "Tai O Jockey Club General Out-patient Clinic", "latitude": "22.255725", "longitude": "113.857972", "altitude_meters": 2}}, {"model": "home.location", "pk": 5, "fields": {"name": "Sok Kwu Wan General Out-patient Clinic", "latitude": "22.205606", "longitude": "114.131597", "altitude_meters": 21}}, {"model": "home.location", "pk": 6, "fields": {"name": "Peng Chau General Out-patient Clinic", "latitude": "22.283621", "longitude": "114.039154", "altitude_meters": 8}}, {"model": "home.location", "pk": 7, "fields": {"name": "North Lamma General Out-patient Clinic", "latitude": "22.224295", "longitude": "114.111098", "altitude_meters": 20}}, {"model": "home.location", "pk": 8, "fields": {"name": "Mui Wo General Out-patient Clinic", "latitude": "22.266040", "longitude": "113.997882", "altitude_meters": 17}}, {"model": "home.distance", "pk": 1, "fields": {"location_from": 2, "location_to": 1, "distance": "3.79"}}, {"model": "home.distance", "pk": 2, "fields": {"location_from": 3, "location_to": 2, "distance": "0.77"}}, {"model": "home.distance", "pk": 3, "fields": {"location_from": 3, "location_to": 1, "distance": "3.44"}}, {"model": "home.distance", "pk": 4, "fields": {"location_from": 4, "location_to": 1, "distance": "28.18"}}, {"model": "home.distance", "pk": 5, "fields": {"location_from": 4, "location_to": 2, "distance": "30.47"}}, {"model": "home.distance", "pk": 6, "fields": {"location_from": 4, "location_to": 3, "distance": "30.72"}}, {"model": "home.distance", "pk": 7, "fields": {"location_from": 5, "location_to": 1, "distance": "7.19"}}, {"model": "home.distance", "pk": 8, "fields": {"location_from": 5, "location_to": 2, "distance": "4.77"}}, {"model": "home.distance", "pk": 9, "fields": {"location_from": 5, "location_to": 3, "distance": "5.53"}}, {"model": "home.distance", "pk": 10, "fields": {"location_from": 5, "location_to": 4, "distance": "28.71"}}, {"model": "home.distance", "pk": 11, "fields": {"location_from": 6, "location_to": 1, "distance": "9.61"}}, {"model": "home.distance", "pk": 12, "fields": {"location_from": 6, "location_to": 2, "distance": "12.62"}}, {"model": "home.distance", "pk": 13, "fields": {"location_from": 6, "location_to": 3, "distance": "12.64"}}, {"model": "home.distance", "pk": 14, "fields": {"location_from": 6, "location_to": 4, "distance": "18.90"}}, {"model": "home.distance", "pk": 15, "fields": {"location_from": 6, "location_to": 5, "distance": "12.88"}}, {"model": "home.distance", "pk": 16, "fields": {"location_from": 7, "location_to": 1, "distance": "5.52"}}, {"model": "home.distance", "pk": 17, "fields": {"location_from": 7, "location_to": 2, "distance": "4.87"}}, {"model": "home.distance", "pk": 18, "fields": {"location_from": 7, "location_to": 3, "distance": "5.45"}}, {"model": "home.distance", "pk": 19, "fields": {"location_from": 7, "location_to": 4, "distance": "26.29"}}, {"model": "home.distance", "pk": 20, "fields": {"location_from": 7, "location_to": 5, "distance": "2.96"}}, {"model": "home.distance", "pk": 21, "fields": {"location_from": 7, "location_to": 6, "distance": "9.92"}}, {"model": "home.distance", "pk": 22, "fields": {"location_from": 8, "location_to": 1, "distance": "13.74"}}, {"model": "home.distance", "pk": 23, "fields": {"location_from": 8, "location_to": 2, "distance": "16.24"}}, {"model": "home.distance", "pk": 24, "fields": {"location_from": 8, "location_to": 3, "distance": "16.41"}}, {"model": "home.distance", "pk": 25, "fields": {"location_from": 8, "location_to": 4, "distance": "14.44"}}, {"model": "home.distance", "pk": 26, "fields": {"location_from": 8, "location_to": 5, "distance": "15.32"}}, {"model": "home.distance", "pk": 27, "fields": {"location_from": 8, "location_to": 6, "distance": "4.68"}}, {"model": "home.distance", "pk": 28, "fields": {"location_from": 8, "location_to": 7, "distance": "12.54"}}, {"model": "home.warehouse", "pk": 1, "fields": {}}, {"model": "home.category", "pk": 1, "fields": {"name": "Intravenous (IV) Fluid"}}, {"model": "home.category", "pk": 2, "fields": {"name": "Creams"}}, {"model": "home.item", "pk": 1, "fields": {"warehouse": 1, "category": 1, "description": "B Braun Medical Lactated Ringers 250ml", "image": "item_images/B_Braun_Lactated_Ringers_250ml_x98Zd9e.JPG", "shipping_weight_grams": 270}}, {"model": "home.item", "pk": 2, "fields": {"warehouse": 1, "category": 1, "description": "ICU Medical Normosol-R Ph 7.4 500ml", "image": "item_images/ICU_Medical_Normosol_500ml_Ky4sJ1J.JPG", "shipping_weight_grams": 530}}, {"model": "home.item", "pk": 3, "fields": {"warehouse": 1, "category": 1, "description": "Baxter Dextrose 5%, NaCl 0.33% 1000ml", "image": "item_images/Baxter_Dextrose__NaCl_1000ml_oOO4OWe.JPG", "shipping_weight_grams": 1050}}, {"model": "home.item", "pk": 4, "fields": {"warehouse": 1, "category": 2, "description": "Athlete's Foot Cream", "image": "item_images/athletes_foot_cream.jpeg", "shipping_weight_grams": 250}}, {"model": "home.clinic", "pk": 2, "fields": {"linked_warehouse": 1}}, {"model": "home.clinic", "pk": 3, "fields": {"linked_warehouse": 1}}, {"model": "home.clinic", "pk": 4, "fields": {"linked_warehouse": 1}}, {"model": "home.clinic", "pk": 5, "fields": {"linked_warehouse": 1}}, {"model": "home.clinic", "pk": 6, "fields": {"linked_warehouse": 1}}, {"model": "home.clinic", "pk": 7, "fields": {"linked_warehouse": 1}}, {"model": "home.clinic", "pk": 8, "fields": {"linked_warehouse": 1}}, {"model": "home.order", "pk": 1, "fields": {"status": 3, "priority": 2, "clinic": 2, "time_placed": "2018-11-13T15:16:50.799Z", "time_dispatched": null}}, {"model": "home.order", "pk": 2, "fields": {"status": 3, "priority": 2, "clinic": 3, "time_placed": "2018-11-13T15:24:28.862Z", "time_dispatched": null}}, {"model": "home.order", "pk": 3, "fields": {"status": 3, "priority": 3, "clinic": 2, "time_placed": "2018-11-13T15:35:03.275Z", "time_dispatched": null}}, {"model": "home.orderitem", "pk": 1, "fields": {"order": 1, "item": 1, "quantity": 1}}, {"model": "home.orderitem", "pk": 2, "fields": {"order": 2, "item": 2, "quantity": 1}}, {"model": "home.orderitem", "pk": 3, "fields": {"order": 3, "item": 4, "quantity": 1}}]